Task Name,Scored Time
Quiz1Q1,5.780555555555555
Quiz1Q2,6.545333333333333
Quiz1Q3,6.5790035587188616
Quiz1Q4,6.849514563106796
Quiz1Q5,6.2953488372093025
Quiz1Q6,6.2663082437275985
